from,to
ThurmanUma,BeautifulGirls
ThurmanUma,ChelseaWalls
ThurmanUma,EvenCowgirlsGetTheBlues
ThurmanUma,KillBillVol1
ThurmanUma,NymphomaniacVol1
ThurmanUma,PulpFiction
ThurmanUma,TheAdventuresOfBaronMunchausen
ThurmanUma,TheGoldenBowl
HannahDaryl,AWalkToRemember
HannahDaryl,BladeRunner
HannahDaryl,KillBillVol1
HannahDaryl,ShannonsRainbow
HannahDaryl,WallStreet
HeadeyLena,300RiseOfAnEmpire
HeadeyLena,DevilsAdvocate
HeadeyLena,Gossip
HeadeyLena,Possession
NielsenConnie,DarkSummer
NielsenConnie,NymphomaniacVol1
NielsenConnie,PerfectSense
NielsenConnie,TheGreatRaid
YoungSean,1stToDie
YoungSean,BladeRunner
YoungSean,DrJekyllAndMsHyde
YoungSean,EvenCowgirlsGetTheBlues
YoungSean,WallStreet